{
  "swagger" : "2.0",
  "info" : {
    "title" : "bestecommerce",
    "version" : "1.0.0",
    "description" : "bestecommerce"
  },
  "paths" : {
    "/signIn" : {
      "get" : {
        "operationId" : "getSignIn",
        "responses" : {
          "200" : {
            "description" : "The operation was successful.",
            "schema" : {
              "$ref" : "#/definitions/Response"
            }
          }
        },
        "produces" : [ "application/json" ],
        "description" : "Retrieve signIn",
        "parameters" : [ {
          "name" : "merchantId",
          "in" : "query",
          "type" : "string"
        }, {
          "name" : "password",
          "in" : "query",
          "type" : "string"
        } ]
      }
    },
    "/signUp" : {
      "post" : {
        "operationId" : "signUp",
        "responses" : {
          "200" : {
            "description" : "The operation was successful."
          }
        },
        "consumes" : [ "application/json" ],
        "produces" : [ "application/json" ],
        "description" : "Insert a postMerchant",
        "parameters" : [ {
          "name" : "body",
          "in" : "body",
          "schema" : {
            "$ref" : "#/definitions/MerchantDetails"
          },
          "description" : "MerchantDetails",
          "required" : true
        } ]
      }
    },
    "/products/add" : {
      "post" : {
        "operationId" : "postAdd",
        "responses" : {
          "200" : {
            "description" : "The operation was successful.",
            "schema" : {
              "$ref" : "#/definitions/Response"
            }
          }
        },
        "consumes" : [ "application/json" ],
        "produces" : [ "application/json" ],
        "description" : "Insert a add",
        "parameters" : [ {
          "name" : "body",
          "in" : "body",
          "schema" : {
            "$ref" : "#/definitions/ProductDetails"
          },
          "description" : "The request body for the operation",
          "required" : true
        } ]
      }
    },
    "/products/list" : {
      "get" : {
        "operationId" : "getList",
        "responses" : {
          "200" : {
            "description" : "The operation was successful.",
            "schema" : {
              "$ref" : "#/definitions/ProductDetails"
            }
          }
        },
        "produces" : [ "application/json" ],
        "description" : "Retrieve list",
        "parameters" : [ ]
      }
    },
    "/discount/add" : {
      "post" : {
        "operationId" : "postDiscountAdd",
        "responses" : {
          "200" : {
            "description" : "The operation was successful.",
            "schema" : {
              "$ref" : "#/definitions/Response"
            }
          }
        },
        "consumes" : [ "application/json" ],
        "produces" : [ "application/json" ],
        "description" : "Insert a add",
        "parameters" : [ {
          "name" : "body",
          "in" : "body",
          "schema" : {
            "$ref" : "#/definitions/DiscountDetails"
          },
          "description" : "The request body for the operation",
          "required" : true
        } ]
      }
    }
  },
  "basePath" : "/bestecommerce/v1",
  "definitions" : {
    "MerchantDetails" : {
      "type" : "array",
      "items" : {
        "type" : "object",
        "properties" : {
          "Id" : {
            "type" : "string"
          },
          "Name" : {
            "type" : "string"
          },
          "Type" : {
            "type" : "string"
          },
          "OwnerName" : {
            "type" : "string"
          },
          "Address" : {
            "type" : "string"
          },
          "PhoneNumber" : {
            "type" : "string"
          },
          "Email" : {
            "type" : "string"
          },
          "Password" : {
            "type" : "string"
          }
        }
      }
    },
    "Response" : {
      "type" : "object",
      "properties" : {
        "status" : {
          "type" : "string"
        },
        "statusText" : {
          "type" : "string"
        }
      }
    },
    "ProductDetails" : {
      "type" : "object",
      "properties" : {
        "Category" : {
          "type" : "string"
        },
        "Name" : {
          "type" : "string"
        },
        "Description" : {
          "type" : "string"
        },
        "UnitPrice" : {
          "type" : "string"
        },
        "Inventory" : {
          "type" : "string"
        },
        "PaymentOptions" : {
          "type" : "string"
        },
        "Delivery" : {
          "type" : "string"
        }
      }
    },
    "DiscountDetails" : {
      "type" : "object",
      "properties" : {
        "ProductId" : {
          "type" : "string"
        },
        "MerchantId" : {
          "type" : "string"
        },
        "Discount" : {
          "type" : "string"
        },
        "StartDate" : {
          "type" : "string"
        },
        "EndDate" : {
          "type" : "string"
        }
      }
    }
  }
}